{"GPSLatitudeObj":{"41.061":46.69974231,"41.117":46.69929646,"41.128":46.69915247,"41.263":46.698287,"41.27":46.698163,"41.35":46.697441,"41.366":46.69712021,"41.408":46.69681376,"41.646":46.695119,"42.181":46.695822,"42.266":46.696232,"42.761":46.698504,"43.264":46.701221,"43.769":46.702146,"44.283":46.700173,"44.812":46.696569,"46.739":46.691736,"47.129":46.689477,"47.774":46.686441,"48.058":46.6864088,"50.06":46.6795205,"50.38":46.678893,"50.5":46.6784776,"50.827":46.677326,"51.849":46.664778,"52.898":46.6661991,"53.011":46.666665,"53.415":46.6675787,"53.753":46.6653069,"53.812":46.6649148,"54.096":46.6634654,"54.378":46.6632537,"54.804":46.6630288,"55.5":46.6609099,"55.938":46.6610865,"56.09":46.661012,"56.541":46.662893,"57.327":46.666113,"57.75":46.6671159,"59.957":46.669312,"60.362":46.6704183,"60.683":46.6711948,"61.325":46.674123,"61.688":46.676386,"62.01":46.681317,"62.04":46.679318,"62.51":46.679117,"62.94":46.6808172,"63.96":46.6740837,"63.97":46.674081,"64.133":46.6748434,"64.198":46.675221},"GPSLongitudeObj":{"41.061":9.44014329,"41.117":9.44024646,"41.128":9.44028485,"41.263":9.440885,"41.27":9.440929,"41.35":9.441182,"41.366":9.44115357,"41.408":9.4413089,"41.646":9.442516,"42.181":9.448731,"42.266":9.449582,"42.761":9.454897,"43.264":9.460535,"43.769":9.466974,"44.283":9.47113,"44.812":9.474213,"46.739":9.496387,"47.129":9.499883,"47.774":9.506724,"48.058":9.5100774,"50.06":9.5330962,"50.38":9.535636,"50.5":9.5386721,"50.827":9.542402,"51.849":9.550762,"52.898":9.56264485,"53.011":9.563753,"53.415":9.5683386,"53.753":9.5709014,"53.812":9.5711774,"54.096":9.5741563,"54.378":9.5776347,"54.804":9.5822763,"55.5":9.5906124,"55.938":9.5963339,"56.09":9.597988,"56.541":9.603272,"57.327":9.6104058,"57.75":9.6156308,"59.957":9.641807,"60.362":9.6482317,"60.683":9.6499995,"61.325":9.6576678,"61.688":9.660213,"62.01":9.664517,"62.04":9.664479,"62.51":9.669595,"62.94":9.6744137,"63.96":9.6778085,"63.97":9.6779687,"64.133":9.6796579,"64.198":9.680406},"GPSLatitude":{"41.061":46.699552,"41.117":46.699326,"41.128":46.699184,"41.263":46.698287,"41.27":46.698163,"41.35":46.697441,"41.366":46.697139,"41.408":46.696813,"41.646":46.695119,"42.181":46.695822,"42.266":46.696232,"42.761":46.698504,"43.264":46.701221,"43.769":46.702146,"44.283":46.700173,"44.812":46.696569,"46.739":46.691736,"47.129":46.689477,"47.774":46.686441,"48.058":46.686394,"50.06":46.67934,"50.38":46.678893,"50.5":46.678355,"50.827":46.677326,"51.849":46.664778,"52.898":46.666323,"53.011":46.666665,"53.415":46.667612,"53.753":46.665319,"53.812":46.66486,"54.096":46.663402,"54.378":46.663141,"54.804":46.662815,"55.5":46.660972,"55.938":46.661076,"56.09":46.661012,"56.541":46.662893,"57.327":46.666383,"57.75":46.667127,"59.957":46.669312,"60.362":46.670407,"60.683":46.671318,"61.325":46.674157,"61.688":46.676386,"62.01":46.681317,"62.04":46.679318,"62.51":46.679117,"62.94":46.681037,"63.96":46.674373,"63.97":46.674356,"64.133":46.674899,"64.198":46.675221},"GPSLongitude":{"41.061":9.440351,"41.117":9.44042,"41.128":9.440467,"41.263":9.440885,"41.27":9.440929,"41.35":9.441182,"41.366":9.441263,"41.408":9.441412,"41.646":9.442516,"42.181":9.448731,"42.266":9.449582,"42.761":9.454897,"43.264":9.460535,"43.769":9.466974,"44.283":9.47113,"44.812":9.474213,"46.739":9.496387,"47.129":9.499883,"47.774":9.506724,"48.058":9.509994,"50.06":9.533097,"50.38":9.535636,"50.5":9.538549,"50.827":9.542402,"51.849":9.550762,"52.898":9.562618,"53.011":9.563753,"53.415":9.568262,"53.753":9.570978,"53.812":9.571207,"54.096":9.574127,"54.378":9.577567,"54.804":9.582293,"55.5":9.590686,"55.938":9.596312,"56.09":9.597988,"56.541":9.603272,"57.327":9.610414,"57.75":9.615655,"59.957":9.641807,"60.362":9.648245,"60.683":9.649828,"61.325":9.657575,"61.688":9.660213,"62.01":9.664517,"62.04":9.664479,"62.51":9.669595,"62.94":9.674814,"63.96":9.677989,"63.97":9.678095,"64.133":9.679562,"64.198":9.680406},"GPSAltitudeRef":{"41.061":0.0,"41.117":0.0,"41.128":0.0,"41.263":0.0,"41.27":0.0,"41.35":0.0,"41.366":0.0,"41.408":0.0,"41.646":0.0,"42.181":0.0,"42.266":0.0,"42.761":0.0,"43.264":0.0,"43.769":0.0,"44.283":0.0,"44.812":0.0,"46.739":0.0,"47.129":0.0,"47.774":0.0,"48.058":0.0,"50.06":0.0,"50.38":0.0,"50.5":0.0,"50.827":0.0,"51.849":0.0,"52.898":0.0,"53.011":0.0,"53.415":0.0,"53.753":0.0,"53.812":0.0,"54.096":0.0,"54.378":0.0,"54.804":0.0,"55.5":0.0,"55.938":0.0,"56.09":0.0,"56.541":0.0,"57.327":0.0,"57.75":0.0,"59.957":0.0,"60.362":0.0,"60.683":0.0,"61.325":0.0,"61.688":0.0,"62.01":0.0,"62.04":0.0,"62.51":0.0,"62.94":0.0,"63.96":0.0,"63.97":0.0,"64.133":0.0,"64.198":0.0},"GPSAltitude":{"41.061":703.185,"41.117":703.831,"41.128":703.075,"41.263":703.182,"41.27":704.148,"41.35":699.166,"41.366":700.065,"41.408":701.132,"41.646":711.98,"42.181":727.226,"42.266":729.807,"42.761":747.744,"43.264":724.882,"43.769":731.957,"44.283":744.708,"44.812":781.039,"46.739":837.81,"47.129":892.174,"47.774":933.841,"48.058":942.393,"50.06":889.085,"50.38":884.104,"50.5":879.256,"50.827":882.154,"51.849":null,"52.898":828.512,"53.011":845.074,"53.415":881.665,"53.753":886.042,"53.812":887.24,"54.096":894.72,"54.378":894.397,"54.804":897.009,"55.5":911.906,"55.938":916.663,"56.09":916.417,"56.541":924.595,"57.327":942.041,"57.75":947.93,"59.957":986.065,"60.362":997.784,"60.683":1001.423,"61.325":1012.878,"61.688":1029.513,"62.01":null,"62.04":1025.803,"62.51":1065.146,"62.94":1058.802,"63.96":1071.534,"63.97":1071.513,"64.133":1075.171,"64.198":1073.434},"GPSMeasureMode":{"41.061":"3","41.117":"3","41.128":"3","41.263":"3","41.27":"3","41.35":"3","41.366":"3","41.408":"3","41.646":"3","42.181":"3","42.266":"3","42.761":"3","43.264":"3","43.769":"3","44.283":"3","44.812":"3","46.739":"3","47.129":"3","47.774":"3","48.058":"3","50.06":"3","50.38":"3","50.5":"3","50.827":"3","51.849":"2","52.898":"3","53.011":"3","53.415":"3","53.753":"3","53.812":"3","54.096":"3","54.378":"3","54.804":"3","55.5":"3","55.938":"3","56.09":"3","56.541":"3","57.327":"3","57.75":"3","59.957":"3","60.362":"3","60.683":"3","61.325":"3","61.688":"3","62.01":"2","62.04":"3","62.51":"3","62.94":"3","63.96":"3","63.97":"3","64.133":"3","64.198":"3"},"GPSDOP":{"41.061":1.03,"41.117":1.03,"41.128":1.03,"41.263":0.95,"41.27":0.95,"41.35":0.82,"41.366":0.82,"41.408":0.82,"41.646":0.9,"42.181":1.3,"42.266":1.3,"42.761":1.87,"43.264":3.02,"43.769":99.99,"44.283":2.09,"44.812":2.36,"46.739":2.16,"47.129":4.84,"47.774":2.73,"48.058":2.45,"50.06":2.29,"50.38":2.29,"50.5":2.3,"50.827":2.37,"51.849":99.99,"52.898":2.38,"53.011":2.38,"53.415":1.76,"53.753":1.96,"53.812":1.96,"54.096":1.81,"54.378":2.16,"54.804":3.06,"55.5":2.39,"55.938":2.4,"56.09":2.41,"56.541":2.48,"57.327":2.75,"57.75":2.57,"59.957":2.61,"60.362":2.62,"60.683":2.62,"61.325":3.6,"61.688":3.7,"62.01":99.99,"62.04":9.59,"62.51":2.59,"62.94":3.63,"63.96":2.68,"63.97":2.68,"64.133":2.73,"64.198":2.73},"GPSSpeedRef":{"41.061":"K","41.117":"K","41.128":"K","41.263":"K","41.27":"K","41.35":"K","41.366":"K","41.408":"K","41.646":"K","42.181":"K","42.266":"K","42.761":"K","43.264":"K","43.769":"K","44.283":"K","44.812":"K","46.739":"K","47.129":"K","47.774":"K","48.058":"K","50.06":"K","50.38":"K","50.5":"K","50.827":"K","51.849":"K","52.898":"K","53.011":"K","53.415":"K","53.753":"K","53.812":"K","54.096":"K","54.378":"K","54.804":"K","55.5":"K","55.938":"K","56.09":"K","56.541":"K","57.327":"K","57.75":"K","59.957":"K","60.362":"K","60.683":"K","61.325":"K","61.688":"K","62.01":"K","62.04":"K","62.51":"K","62.94":"K","63.96":"K","63.97":"K","64.133":"K","64.198":"K"},"GPSSpeed":{"41.061":31.8096,"41.117":29.8908,"41.128":28.9728,"41.263":19.8684,"41.27":16.5564,"41.35":17.2692,"41.366":28.062,"41.408":37.4724,"41.646":47.9484,"42.181":58.0176,"42.266":56.9376,"42.761":68.7312,"43.264":60.8184,"43.769":46.5192,"44.283":51.9444,"44.812":50.148,"46.739":50.2992,"47.129":50.3064,"47.774":43.362,"48.058":48.7764,"50.06":46.7136,"50.38":52.8228,"50.5":56.0844,"50.827":55.9008,"51.849":98.4096,"52.898":50.724,